{
  "project_info": {
    "project_number": "796783843913",
    "project_id": "women-safety-bced8",
    "storage_bucket": "women-safety-bced8.appspot.com"
  },
  "client": [
    {
      "client_info": {
        "mobilesdk_app_id": "1:796783843913:android:8e978981ed48a892013d98",
        "android_client_info": {
          "package_name": "com.example.women_saftey"
        }
      },
      "oauth_client": [],
      "api_key": [
        {
          "current_key": "AIzaSyAWzTvdMSfIL1hocfhyJo2ZwDh-867vakU"
        }
      ],
      "services": {
        "appinvite_service": {
          "other_platform_oauth_client": []
        }
      }
    }
  ],
  "configuration_version": "1"
}